"dataframe","variable","total","years_affected","max_per_year"
"CH2025_EVO_CLMCOM_CCLM4_HADGEM_GWL_1_5","pr",150,30,5
"CH2025_EVO_CLMCOM_CCLM4_HADGEM_GWL_2","pr",150,30,5
"CH2025_EVO_CLMCOM_CCLM4_HADGEM_GWL_2_5","pr",150,30,5
"CH2025_EVO_CLMCOM_CCLM4_HADGEM_GWL_3","pr",150,30,5
"CH2025_EVO_DMI_HIRHAM_HADGEM_GWL_1_5","pr",150,30,5
"CH2025_EVO_DMI_HIRHAM_HADGEM_GWL_2","pr",150,30,5
"CH2025_EVO_DMI_HIRHAM_HADGEM_GWL_2_5","pr",150,30,5
"CH2025_EVO_DMI_HIRHAM_HADGEM_GWL_3","pr",150,30,5
"CH2025_EVO_ICTP_REGCM_HADGEM_GWL_1_5","pr",150,30,5
"CH2025_EVO_ICTP_REGCM_HADGEM_GWL_2","pr",150,30,5
"CH2025_EVO_ICTP_REGCM_HADGEM_GWL_2_5","pr",150,30,5
"CH2025_EVO_ICTP_REGCM_HADGEM_GWL_3","pr",150,30,5
"CH2025_EVO_MOHC_HADREM_HADGEM_GWL_1_5","pr",150,30,5
"CH2025_EVO_MOHC_HADREM_HADGEM_GWL_2","pr",150,30,5
"CH2025_EVO_MOHC_HADREM_HADGEM_GWL_2_5","pr",150,30,5
"CH2025_EVO_MOHC_HADREM_HADGEM_GWL_3","pr",150,30,5
"CH2025_EVO_SMHI_RCA_HADGEM_GWL_1_5","pr",150,30,5
"CH2025_EVO_SMHI_RCA_HADGEM_GWL_2","pr",150,30,5
"CH2025_EVO_SMHI_RCA_HADGEM_GWL_2_5","pr",150,30,5
"CH2025_EVO_SMHI_RCA_HADGEM_GWL_3","pr",150,30,5
