"dataframe","variable","year","n_missing"
"CH2025_EVO_CLMCOM_CCLM4_HADGEM_GWL_1_5","tas",1,5
"CH2025_EVO_CLMCOM_CCLM4_HADGEM_GWL_1_5","tas",2,5
"CH2025_EVO_CLMCOM_CCLM4_HADGEM_GWL_1_5","tas",3,5
"CH2025_EVO_CLMCOM_CCLM4_HADGEM_GWL_1_5","tas",4,5
"CH2025_EVO_CLMCOM_CCLM4_HADGEM_GWL_1_5","tas",5,5
"CH2025_EVO_CLMCOM_CCLM4_HADGEM_GWL_1_5","tas",6,5
"CH2025_EVO_CLMCOM_CCLM4_HADGEM_GWL_1_5","tas",7,5
"CH2025_EVO_CLMCOM_CCLM4_HADGEM_GWL_1_5","tas",8,5
"CH2025_EVO_CLMCOM_CCLM4_HADGEM_GWL_1_5","tas",9,5
"CH2025_EVO_CLMCOM_CCLM4_HADGEM_GWL_1_5","tas",10,5
"CH2025_EVO_CLMCOM_CCLM4_HADGEM_GWL_1_5","tas",11,5
"CH2025_EVO_CLMCOM_CCLM4_HADGEM_GWL_1_5","tas",12,5
"CH2025_EVO_CLMCOM_CCLM4_HADGEM_GWL_1_5","tas",13,5
"CH2025_EVO_CLMCOM_CCLM4_HADGEM_GWL_1_5","tas",14,5
"CH2025_EVO_CLMCOM_CCLM4_HADGEM_GWL_1_5","tas",15,5
"CH2025_EVO_CLMCOM_CCLM4_HADGEM_GWL_1_5","tas",16,5
"CH2025_EVO_CLMCOM_CCLM4_HADGEM_GWL_1_5","tas",17,5
"CH2025_EVO_CLMCOM_CCLM4_HADGEM_GWL_1_5","tas",18,5
"CH2025_EVO_CLMCOM_CCLM4_HADGEM_GWL_1_5","tas",19,5
"CH2025_EVO_CLMCOM_CCLM4_HADGEM_GWL_1_5","tas",20,5
"CH2025_EVO_CLMCOM_CCLM4_HADGEM_GWL_1_5","tas",21,5
"CH2025_EVO_CLMCOM_CCLM4_HADGEM_GWL_1_5","tas",22,5
"CH2025_EVO_CLMCOM_CCLM4_HADGEM_GWL_1_5","tas",23,5
"CH2025_EVO_CLMCOM_CCLM4_HADGEM_GWL_1_5","tas",24,5
"CH2025_EVO_CLMCOM_CCLM4_HADGEM_GWL_1_5","tas",25,5
"CH2025_EVO_CLMCOM_CCLM4_HADGEM_GWL_1_5","tas",26,5
"CH2025_EVO_CLMCOM_CCLM4_HADGEM_GWL_1_5","tas",27,5
"CH2025_EVO_CLMCOM_CCLM4_HADGEM_GWL_1_5","tas",28,5
"CH2025_EVO_CLMCOM_CCLM4_HADGEM_GWL_1_5","tas",29,5
"CH2025_EVO_CLMCOM_CCLM4_HADGEM_GWL_1_5","tas",30,5
"CH2025_EVO_CLMCOM_CCLM4_HADGEM_GWL_2","tas",1,5
"CH2025_EVO_CLMCOM_CCLM4_HADGEM_GWL_2","tas",2,5
"CH2025_EVO_CLMCOM_CCLM4_HADGEM_GWL_2","tas",3,5
"CH2025_EVO_CLMCOM_CCLM4_HADGEM_GWL_2","tas",4,5
"CH2025_EVO_CLMCOM_CCLM4_HADGEM_GWL_2","tas",5,5
"CH2025_EVO_CLMCOM_CCLM4_HADGEM_GWL_2","tas",6,5
"CH2025_EVO_CLMCOM_CCLM4_HADGEM_GWL_2","tas",7,5
"CH2025_EVO_CLMCOM_CCLM4_HADGEM_GWL_2","tas",8,5
"CH2025_EVO_CLMCOM_CCLM4_HADGEM_GWL_2","tas",9,5
"CH2025_EVO_CLMCOM_CCLM4_HADGEM_GWL_2","tas",10,5
"CH2025_EVO_CLMCOM_CCLM4_HADGEM_GWL_2","tas",11,5
"CH2025_EVO_CLMCOM_CCLM4_HADGEM_GWL_2","tas",12,5
"CH2025_EVO_CLMCOM_CCLM4_HADGEM_GWL_2","tas",13,5
"CH2025_EVO_CLMCOM_CCLM4_HADGEM_GWL_2","tas",14,5
"CH2025_EVO_CLMCOM_CCLM4_HADGEM_GWL_2","tas",15,5
"CH2025_EVO_CLMCOM_CCLM4_HADGEM_GWL_2","tas",16,5
"CH2025_EVO_CLMCOM_CCLM4_HADGEM_GWL_2","tas",17,5
"CH2025_EVO_CLMCOM_CCLM4_HADGEM_GWL_2","tas",18,5
"CH2025_EVO_CLMCOM_CCLM4_HADGEM_GWL_2","tas",19,5
"CH2025_EVO_CLMCOM_CCLM4_HADGEM_GWL_2","tas",20,5
"CH2025_EVO_CLMCOM_CCLM4_HADGEM_GWL_2","tas",21,5
"CH2025_EVO_CLMCOM_CCLM4_HADGEM_GWL_2","tas",22,5
"CH2025_EVO_CLMCOM_CCLM4_HADGEM_GWL_2","tas",23,5
"CH2025_EVO_CLMCOM_CCLM4_HADGEM_GWL_2","tas",24,5
"CH2025_EVO_CLMCOM_CCLM4_HADGEM_GWL_2","tas",25,5
"CH2025_EVO_CLMCOM_CCLM4_HADGEM_GWL_2","tas",26,5
"CH2025_EVO_CLMCOM_CCLM4_HADGEM_GWL_2","tas",27,5
"CH2025_EVO_CLMCOM_CCLM4_HADGEM_GWL_2","tas",28,5
"CH2025_EVO_CLMCOM_CCLM4_HADGEM_GWL_2","tas",29,5
"CH2025_EVO_CLMCOM_CCLM4_HADGEM_GWL_2","tas",30,5
"CH2025_EVO_CLMCOM_CCLM4_HADGEM_GWL_2_5","tas",1,5
"CH2025_EVO_CLMCOM_CCLM4_HADGEM_GWL_2_5","tas",2,5
"CH2025_EVO_CLMCOM_CCLM4_HADGEM_GWL_2_5","tas",3,5
"CH2025_EVO_CLMCOM_CCLM4_HADGEM_GWL_2_5","tas",4,5
"CH2025_EVO_CLMCOM_CCLM4_HADGEM_GWL_2_5","tas",5,5
"CH2025_EVO_CLMCOM_CCLM4_HADGEM_GWL_2_5","tas",6,5
"CH2025_EVO_CLMCOM_CCLM4_HADGEM_GWL_2_5","tas",7,5
"CH2025_EVO_CLMCOM_CCLM4_HADGEM_GWL_2_5","tas",8,5
"CH2025_EVO_CLMCOM_CCLM4_HADGEM_GWL_2_5","tas",9,5
"CH2025_EVO_CLMCOM_CCLM4_HADGEM_GWL_2_5","tas",10,5
"CH2025_EVO_CLMCOM_CCLM4_HADGEM_GWL_2_5","tas",11,5
"CH2025_EVO_CLMCOM_CCLM4_HADGEM_GWL_2_5","tas",12,5
"CH2025_EVO_CLMCOM_CCLM4_HADGEM_GWL_2_5","tas",13,5
"CH2025_EVO_CLMCOM_CCLM4_HADGEM_GWL_2_5","tas",14,5
"CH2025_EVO_CLMCOM_CCLM4_HADGEM_GWL_2_5","tas",15,5
"CH2025_EVO_CLMCOM_CCLM4_HADGEM_GWL_2_5","tas",16,5
"CH2025_EVO_CLMCOM_CCLM4_HADGEM_GWL_2_5","tas",17,5
"CH2025_EVO_CLMCOM_CCLM4_HADGEM_GWL_2_5","tas",18,5
"CH2025_EVO_CLMCOM_CCLM4_HADGEM_GWL_2_5","tas",19,5
"CH2025_EVO_CLMCOM_CCLM4_HADGEM_GWL_2_5","tas",20,5
"CH2025_EVO_CLMCOM_CCLM4_HADGEM_GWL_2_5","tas",21,5
"CH2025_EVO_CLMCOM_CCLM4_HADGEM_GWL_2_5","tas",22,5
"CH2025_EVO_CLMCOM_CCLM4_HADGEM_GWL_2_5","tas",23,5
"CH2025_EVO_CLMCOM_CCLM4_HADGEM_GWL_2_5","tas",24,5
"CH2025_EVO_CLMCOM_CCLM4_HADGEM_GWL_2_5","tas",25,5
"CH2025_EVO_CLMCOM_CCLM4_HADGEM_GWL_2_5","tas",26,5
"CH2025_EVO_CLMCOM_CCLM4_HADGEM_GWL_2_5","tas",27,5
"CH2025_EVO_CLMCOM_CCLM4_HADGEM_GWL_2_5","tas",28,5
"CH2025_EVO_CLMCOM_CCLM4_HADGEM_GWL_2_5","tas",29,5
"CH2025_EVO_CLMCOM_CCLM4_HADGEM_GWL_2_5","tas",30,5
"CH2025_EVO_CLMCOM_CCLM4_HADGEM_GWL_3","tas",1,5
"CH2025_EVO_CLMCOM_CCLM4_HADGEM_GWL_3","tas",2,5
"CH2025_EVO_CLMCOM_CCLM4_HADGEM_GWL_3","tas",3,5
"CH2025_EVO_CLMCOM_CCLM4_HADGEM_GWL_3","tas",4,5
"CH2025_EVO_CLMCOM_CCLM4_HADGEM_GWL_3","tas",5,5
"CH2025_EVO_CLMCOM_CCLM4_HADGEM_GWL_3","tas",6,5
"CH2025_EVO_CLMCOM_CCLM4_HADGEM_GWL_3","tas",7,5
"CH2025_EVO_CLMCOM_CCLM4_HADGEM_GWL_3","tas",8,5
"CH2025_EVO_CLMCOM_CCLM4_HADGEM_GWL_3","tas",9,5
"CH2025_EVO_CLMCOM_CCLM4_HADGEM_GWL_3","tas",10,5
"CH2025_EVO_CLMCOM_CCLM4_HADGEM_GWL_3","tas",11,5
"CH2025_EVO_CLMCOM_CCLM4_HADGEM_GWL_3","tas",12,5
"CH2025_EVO_CLMCOM_CCLM4_HADGEM_GWL_3","tas",13,5
"CH2025_EVO_CLMCOM_CCLM4_HADGEM_GWL_3","tas",14,5
"CH2025_EVO_CLMCOM_CCLM4_HADGEM_GWL_3","tas",15,5
"CH2025_EVO_CLMCOM_CCLM4_HADGEM_GWL_3","tas",16,5
"CH2025_EVO_CLMCOM_CCLM4_HADGEM_GWL_3","tas",17,5
"CH2025_EVO_CLMCOM_CCLM4_HADGEM_GWL_3","tas",18,5
"CH2025_EVO_CLMCOM_CCLM4_HADGEM_GWL_3","tas",19,5
"CH2025_EVO_CLMCOM_CCLM4_HADGEM_GWL_3","tas",20,5
"CH2025_EVO_CLMCOM_CCLM4_HADGEM_GWL_3","tas",21,5
"CH2025_EVO_CLMCOM_CCLM4_HADGEM_GWL_3","tas",22,5
"CH2025_EVO_CLMCOM_CCLM4_HADGEM_GWL_3","tas",23,5
"CH2025_EVO_CLMCOM_CCLM4_HADGEM_GWL_3","tas",24,5
"CH2025_EVO_CLMCOM_CCLM4_HADGEM_GWL_3","tas",25,5
"CH2025_EVO_CLMCOM_CCLM4_HADGEM_GWL_3","tas",26,5
"CH2025_EVO_CLMCOM_CCLM4_HADGEM_GWL_3","tas",27,5
"CH2025_EVO_CLMCOM_CCLM4_HADGEM_GWL_3","tas",28,5
"CH2025_EVO_CLMCOM_CCLM4_HADGEM_GWL_3","tas",29,5
"CH2025_EVO_CLMCOM_CCLM4_HADGEM_GWL_3","tas",30,5
"CH2025_EVO_DMI_HIRHAM_HADGEM_GWL_1_5","tas",1,5
"CH2025_EVO_DMI_HIRHAM_HADGEM_GWL_1_5","tas",2,5
"CH2025_EVO_DMI_HIRHAM_HADGEM_GWL_1_5","tas",3,5
"CH2025_EVO_DMI_HIRHAM_HADGEM_GWL_1_5","tas",4,5
"CH2025_EVO_DMI_HIRHAM_HADGEM_GWL_1_5","tas",5,5
"CH2025_EVO_DMI_HIRHAM_HADGEM_GWL_1_5","tas",6,5
"CH2025_EVO_DMI_HIRHAM_HADGEM_GWL_1_5","tas",7,5
"CH2025_EVO_DMI_HIRHAM_HADGEM_GWL_1_5","tas",8,5
"CH2025_EVO_DMI_HIRHAM_HADGEM_GWL_1_5","tas",9,5
"CH2025_EVO_DMI_HIRHAM_HADGEM_GWL_1_5","tas",10,5
"CH2025_EVO_DMI_HIRHAM_HADGEM_GWL_1_5","tas",11,5
"CH2025_EVO_DMI_HIRHAM_HADGEM_GWL_1_5","tas",12,5
"CH2025_EVO_DMI_HIRHAM_HADGEM_GWL_1_5","tas",13,5
"CH2025_EVO_DMI_HIRHAM_HADGEM_GWL_1_5","tas",14,5
"CH2025_EVO_DMI_HIRHAM_HADGEM_GWL_1_5","tas",15,5
"CH2025_EVO_DMI_HIRHAM_HADGEM_GWL_1_5","tas",16,5
"CH2025_EVO_DMI_HIRHAM_HADGEM_GWL_1_5","tas",17,5
"CH2025_EVO_DMI_HIRHAM_HADGEM_GWL_1_5","tas",18,5
"CH2025_EVO_DMI_HIRHAM_HADGEM_GWL_1_5","tas",19,5
"CH2025_EVO_DMI_HIRHAM_HADGEM_GWL_1_5","tas",20,5
"CH2025_EVO_DMI_HIRHAM_HADGEM_GWL_1_5","tas",21,5
"CH2025_EVO_DMI_HIRHAM_HADGEM_GWL_1_5","tas",22,5
"CH2025_EVO_DMI_HIRHAM_HADGEM_GWL_1_5","tas",23,5
"CH2025_EVO_DMI_HIRHAM_HADGEM_GWL_1_5","tas",24,5
"CH2025_EVO_DMI_HIRHAM_HADGEM_GWL_1_5","tas",25,5
"CH2025_EVO_DMI_HIRHAM_HADGEM_GWL_1_5","tas",26,5
"CH2025_EVO_DMI_HIRHAM_HADGEM_GWL_1_5","tas",27,5
"CH2025_EVO_DMI_HIRHAM_HADGEM_GWL_1_5","tas",28,5
"CH2025_EVO_DMI_HIRHAM_HADGEM_GWL_1_5","tas",29,5
"CH2025_EVO_DMI_HIRHAM_HADGEM_GWL_1_5","tas",30,5
"CH2025_EVO_DMI_HIRHAM_HADGEM_GWL_2","tas",1,5
"CH2025_EVO_DMI_HIRHAM_HADGEM_GWL_2","tas",2,5
"CH2025_EVO_DMI_HIRHAM_HADGEM_GWL_2","tas",3,5
"CH2025_EVO_DMI_HIRHAM_HADGEM_GWL_2","tas",4,5
"CH2025_EVO_DMI_HIRHAM_HADGEM_GWL_2","tas",5,5
"CH2025_EVO_DMI_HIRHAM_HADGEM_GWL_2","tas",6,5
"CH2025_EVO_DMI_HIRHAM_HADGEM_GWL_2","tas",7,5
"CH2025_EVO_DMI_HIRHAM_HADGEM_GWL_2","tas",8,5
"CH2025_EVO_DMI_HIRHAM_HADGEM_GWL_2","tas",9,5
"CH2025_EVO_DMI_HIRHAM_HADGEM_GWL_2","tas",10,5
"CH2025_EVO_DMI_HIRHAM_HADGEM_GWL_2","tas",11,5
"CH2025_EVO_DMI_HIRHAM_HADGEM_GWL_2","tas",12,5
"CH2025_EVO_DMI_HIRHAM_HADGEM_GWL_2","tas",13,5
"CH2025_EVO_DMI_HIRHAM_HADGEM_GWL_2","tas",14,5
"CH2025_EVO_DMI_HIRHAM_HADGEM_GWL_2","tas",15,5
"CH2025_EVO_DMI_HIRHAM_HADGEM_GWL_2","tas",16,5
"CH2025_EVO_DMI_HIRHAM_HADGEM_GWL_2","tas",17,5
"CH2025_EVO_DMI_HIRHAM_HADGEM_GWL_2","tas",18,5
"CH2025_EVO_DMI_HIRHAM_HADGEM_GWL_2","tas",19,5
"CH2025_EVO_DMI_HIRHAM_HADGEM_GWL_2","tas",20,5
"CH2025_EVO_DMI_HIRHAM_HADGEM_GWL_2","tas",21,5
"CH2025_EVO_DMI_HIRHAM_HADGEM_GWL_2","tas",22,5
"CH2025_EVO_DMI_HIRHAM_HADGEM_GWL_2","tas",23,5
"CH2025_EVO_DMI_HIRHAM_HADGEM_GWL_2","tas",24,5
"CH2025_EVO_DMI_HIRHAM_HADGEM_GWL_2","tas",25,5
"CH2025_EVO_DMI_HIRHAM_HADGEM_GWL_2","tas",26,5
"CH2025_EVO_DMI_HIRHAM_HADGEM_GWL_2","tas",27,5
"CH2025_EVO_DMI_HIRHAM_HADGEM_GWL_2","tas",28,5
"CH2025_EVO_DMI_HIRHAM_HADGEM_GWL_2","tas",29,5
"CH2025_EVO_DMI_HIRHAM_HADGEM_GWL_2","tas",30,5
"CH2025_EVO_DMI_HIRHAM_HADGEM_GWL_2_5","tas",1,5
"CH2025_EVO_DMI_HIRHAM_HADGEM_GWL_2_5","tas",2,5
"CH2025_EVO_DMI_HIRHAM_HADGEM_GWL_2_5","tas",3,5
"CH2025_EVO_DMI_HIRHAM_HADGEM_GWL_2_5","tas",4,5
"CH2025_EVO_DMI_HIRHAM_HADGEM_GWL_2_5","tas",5,5
"CH2025_EVO_DMI_HIRHAM_HADGEM_GWL_2_5","tas",6,5
"CH2025_EVO_DMI_HIRHAM_HADGEM_GWL_2_5","tas",7,5
"CH2025_EVO_DMI_HIRHAM_HADGEM_GWL_2_5","tas",8,5
"CH2025_EVO_DMI_HIRHAM_HADGEM_GWL_2_5","tas",9,5
"CH2025_EVO_DMI_HIRHAM_HADGEM_GWL_2_5","tas",10,5
"CH2025_EVO_DMI_HIRHAM_HADGEM_GWL_2_5","tas",11,5
"CH2025_EVO_DMI_HIRHAM_HADGEM_GWL_2_5","tas",12,5
"CH2025_EVO_DMI_HIRHAM_HADGEM_GWL_2_5","tas",13,5
"CH2025_EVO_DMI_HIRHAM_HADGEM_GWL_2_5","tas",14,5
"CH2025_EVO_DMI_HIRHAM_HADGEM_GWL_2_5","tas",15,5
"CH2025_EVO_DMI_HIRHAM_HADGEM_GWL_2_5","tas",16,5
"CH2025_EVO_DMI_HIRHAM_HADGEM_GWL_2_5","tas",17,5
"CH2025_EVO_DMI_HIRHAM_HADGEM_GWL_2_5","tas",18,5
"CH2025_EVO_DMI_HIRHAM_HADGEM_GWL_2_5","tas",19,5
"CH2025_EVO_DMI_HIRHAM_HADGEM_GWL_2_5","tas",20,5
"CH2025_EVO_DMI_HIRHAM_HADGEM_GWL_2_5","tas",21,5
"CH2025_EVO_DMI_HIRHAM_HADGEM_GWL_2_5","tas",22,5
"CH2025_EVO_DMI_HIRHAM_HADGEM_GWL_2_5","tas",23,5
"CH2025_EVO_DMI_HIRHAM_HADGEM_GWL_2_5","tas",24,5
"CH2025_EVO_DMI_HIRHAM_HADGEM_GWL_2_5","tas",25,5
"CH2025_EVO_DMI_HIRHAM_HADGEM_GWL_2_5","tas",26,5
"CH2025_EVO_DMI_HIRHAM_HADGEM_GWL_2_5","tas",27,5
"CH2025_EVO_DMI_HIRHAM_HADGEM_GWL_2_5","tas",28,5
"CH2025_EVO_DMI_HIRHAM_HADGEM_GWL_2_5","tas",29,5
"CH2025_EVO_DMI_HIRHAM_HADGEM_GWL_2_5","tas",30,5
"CH2025_EVO_DMI_HIRHAM_HADGEM_GWL_3","tas",1,5
"CH2025_EVO_DMI_HIRHAM_HADGEM_GWL_3","tas",2,5
"CH2025_EVO_DMI_HIRHAM_HADGEM_GWL_3","tas",3,5
"CH2025_EVO_DMI_HIRHAM_HADGEM_GWL_3","tas",4,5
"CH2025_EVO_DMI_HIRHAM_HADGEM_GWL_3","tas",5,5
"CH2025_EVO_DMI_HIRHAM_HADGEM_GWL_3","tas",6,5
"CH2025_EVO_DMI_HIRHAM_HADGEM_GWL_3","tas",7,5
"CH2025_EVO_DMI_HIRHAM_HADGEM_GWL_3","tas",8,5
"CH2025_EVO_DMI_HIRHAM_HADGEM_GWL_3","tas",9,5
"CH2025_EVO_DMI_HIRHAM_HADGEM_GWL_3","tas",10,5
"CH2025_EVO_DMI_HIRHAM_HADGEM_GWL_3","tas",11,5
"CH2025_EVO_DMI_HIRHAM_HADGEM_GWL_3","tas",12,5
"CH2025_EVO_DMI_HIRHAM_HADGEM_GWL_3","tas",13,5
"CH2025_EVO_DMI_HIRHAM_HADGEM_GWL_3","tas",14,5
"CH2025_EVO_DMI_HIRHAM_HADGEM_GWL_3","tas",15,5
"CH2025_EVO_DMI_HIRHAM_HADGEM_GWL_3","tas",16,5
"CH2025_EVO_DMI_HIRHAM_HADGEM_GWL_3","tas",17,5
"CH2025_EVO_DMI_HIRHAM_HADGEM_GWL_3","tas",18,5
"CH2025_EVO_DMI_HIRHAM_HADGEM_GWL_3","tas",19,5
"CH2025_EVO_DMI_HIRHAM_HADGEM_GWL_3","tas",20,5
"CH2025_EVO_DMI_HIRHAM_HADGEM_GWL_3","tas",21,5
"CH2025_EVO_DMI_HIRHAM_HADGEM_GWL_3","tas",22,5
"CH2025_EVO_DMI_HIRHAM_HADGEM_GWL_3","tas",23,5
"CH2025_EVO_DMI_HIRHAM_HADGEM_GWL_3","tas",24,5
"CH2025_EVO_DMI_HIRHAM_HADGEM_GWL_3","tas",25,5
"CH2025_EVO_DMI_HIRHAM_HADGEM_GWL_3","tas",26,5
"CH2025_EVO_DMI_HIRHAM_HADGEM_GWL_3","tas",27,5
"CH2025_EVO_DMI_HIRHAM_HADGEM_GWL_3","tas",28,5
"CH2025_EVO_DMI_HIRHAM_HADGEM_GWL_3","tas",29,5
"CH2025_EVO_DMI_HIRHAM_HADGEM_GWL_3","tas",30,5
"CH2025_EVO_ICTP_REGCM_HADGEM_GWL_1_5","tas",1,5
"CH2025_EVO_ICTP_REGCM_HADGEM_GWL_1_5","tas",2,5
"CH2025_EVO_ICTP_REGCM_HADGEM_GWL_1_5","tas",3,5
"CH2025_EVO_ICTP_REGCM_HADGEM_GWL_1_5","tas",4,5
"CH2025_EVO_ICTP_REGCM_HADGEM_GWL_1_5","tas",5,5
"CH2025_EVO_ICTP_REGCM_HADGEM_GWL_1_5","tas",6,5
"CH2025_EVO_ICTP_REGCM_HADGEM_GWL_1_5","tas",7,5
"CH2025_EVO_ICTP_REGCM_HADGEM_GWL_1_5","tas",8,5
"CH2025_EVO_ICTP_REGCM_HADGEM_GWL_1_5","tas",9,5
"CH2025_EVO_ICTP_REGCM_HADGEM_GWL_1_5","tas",10,5
"CH2025_EVO_ICTP_REGCM_HADGEM_GWL_1_5","tas",11,5
"CH2025_EVO_ICTP_REGCM_HADGEM_GWL_1_5","tas",12,5
"CH2025_EVO_ICTP_REGCM_HADGEM_GWL_1_5","tas",13,5
"CH2025_EVO_ICTP_REGCM_HADGEM_GWL_1_5","tas",14,5
"CH2025_EVO_ICTP_REGCM_HADGEM_GWL_1_5","tas",15,5
"CH2025_EVO_ICTP_REGCM_HADGEM_GWL_1_5","tas",16,5
"CH2025_EVO_ICTP_REGCM_HADGEM_GWL_1_5","tas",17,5
"CH2025_EVO_ICTP_REGCM_HADGEM_GWL_1_5","tas",18,5
"CH2025_EVO_ICTP_REGCM_HADGEM_GWL_1_5","tas",19,5
"CH2025_EVO_ICTP_REGCM_HADGEM_GWL_1_5","tas",20,5
"CH2025_EVO_ICTP_REGCM_HADGEM_GWL_1_5","tas",21,5
"CH2025_EVO_ICTP_REGCM_HADGEM_GWL_1_5","tas",22,5
"CH2025_EVO_ICTP_REGCM_HADGEM_GWL_1_5","tas",23,5
"CH2025_EVO_ICTP_REGCM_HADGEM_GWL_1_5","tas",24,5
"CH2025_EVO_ICTP_REGCM_HADGEM_GWL_1_5","tas",25,5
"CH2025_EVO_ICTP_REGCM_HADGEM_GWL_1_5","tas",26,5
"CH2025_EVO_ICTP_REGCM_HADGEM_GWL_1_5","tas",27,5
"CH2025_EVO_ICTP_REGCM_HADGEM_GWL_1_5","tas",28,5
"CH2025_EVO_ICTP_REGCM_HADGEM_GWL_1_5","tas",29,5
"CH2025_EVO_ICTP_REGCM_HADGEM_GWL_1_5","tas",30,5
"CH2025_EVO_ICTP_REGCM_HADGEM_GWL_2","tas",1,5
"CH2025_EVO_ICTP_REGCM_HADGEM_GWL_2","tas",2,5
"CH2025_EVO_ICTP_REGCM_HADGEM_GWL_2","tas",3,5
"CH2025_EVO_ICTP_REGCM_HADGEM_GWL_2","tas",4,5
"CH2025_EVO_ICTP_REGCM_HADGEM_GWL_2","tas",5,5
"CH2025_EVO_ICTP_REGCM_HADGEM_GWL_2","tas",6,5
"CH2025_EVO_ICTP_REGCM_HADGEM_GWL_2","tas",7,5
"CH2025_EVO_ICTP_REGCM_HADGEM_GWL_2","tas",8,5
"CH2025_EVO_ICTP_REGCM_HADGEM_GWL_2","tas",9,5
"CH2025_EVO_ICTP_REGCM_HADGEM_GWL_2","tas",10,5
"CH2025_EVO_ICTP_REGCM_HADGEM_GWL_2","tas",11,5
"CH2025_EVO_ICTP_REGCM_HADGEM_GWL_2","tas",12,5
"CH2025_EVO_ICTP_REGCM_HADGEM_GWL_2","tas",13,5
"CH2025_EVO_ICTP_REGCM_HADGEM_GWL_2","tas",14,5
"CH2025_EVO_ICTP_REGCM_HADGEM_GWL_2","tas",15,5
"CH2025_EVO_ICTP_REGCM_HADGEM_GWL_2","tas",16,5
"CH2025_EVO_ICTP_REGCM_HADGEM_GWL_2","tas",17,5
"CH2025_EVO_ICTP_REGCM_HADGEM_GWL_2","tas",18,5
"CH2025_EVO_ICTP_REGCM_HADGEM_GWL_2","tas",19,5
"CH2025_EVO_ICTP_REGCM_HADGEM_GWL_2","tas",20,5
"CH2025_EVO_ICTP_REGCM_HADGEM_GWL_2","tas",21,5
"CH2025_EVO_ICTP_REGCM_HADGEM_GWL_2","tas",22,5
"CH2025_EVO_ICTP_REGCM_HADGEM_GWL_2","tas",23,5
"CH2025_EVO_ICTP_REGCM_HADGEM_GWL_2","tas",24,5
"CH2025_EVO_ICTP_REGCM_HADGEM_GWL_2","tas",25,5
"CH2025_EVO_ICTP_REGCM_HADGEM_GWL_2","tas",26,5
"CH2025_EVO_ICTP_REGCM_HADGEM_GWL_2","tas",27,5
"CH2025_EVO_ICTP_REGCM_HADGEM_GWL_2","tas",28,5
"CH2025_EVO_ICTP_REGCM_HADGEM_GWL_2","tas",29,5
"CH2025_EVO_ICTP_REGCM_HADGEM_GWL_2","tas",30,5
"CH2025_EVO_ICTP_REGCM_HADGEM_GWL_2_5","tas",1,5
"CH2025_EVO_ICTP_REGCM_HADGEM_GWL_2_5","tas",2,5
"CH2025_EVO_ICTP_REGCM_HADGEM_GWL_2_5","tas",3,5
"CH2025_EVO_ICTP_REGCM_HADGEM_GWL_2_5","tas",4,5
"CH2025_EVO_ICTP_REGCM_HADGEM_GWL_2_5","tas",5,5
"CH2025_EVO_ICTP_REGCM_HADGEM_GWL_2_5","tas",6,5
"CH2025_EVO_ICTP_REGCM_HADGEM_GWL_2_5","tas",7,5
"CH2025_EVO_ICTP_REGCM_HADGEM_GWL_2_5","tas",8,5
"CH2025_EVO_ICTP_REGCM_HADGEM_GWL_2_5","tas",9,5
"CH2025_EVO_ICTP_REGCM_HADGEM_GWL_2_5","tas",10,5
"CH2025_EVO_ICTP_REGCM_HADGEM_GWL_2_5","tas",11,5
"CH2025_EVO_ICTP_REGCM_HADGEM_GWL_2_5","tas",12,5
"CH2025_EVO_ICTP_REGCM_HADGEM_GWL_2_5","tas",13,5
"CH2025_EVO_ICTP_REGCM_HADGEM_GWL_2_5","tas",14,5
"CH2025_EVO_ICTP_REGCM_HADGEM_GWL_2_5","tas",15,5
"CH2025_EVO_ICTP_REGCM_HADGEM_GWL_2_5","tas",16,5
"CH2025_EVO_ICTP_REGCM_HADGEM_GWL_2_5","tas",17,5
"CH2025_EVO_ICTP_REGCM_HADGEM_GWL_2_5","tas",18,5
"CH2025_EVO_ICTP_REGCM_HADGEM_GWL_2_5","tas",19,5
"CH2025_EVO_ICTP_REGCM_HADGEM_GWL_2_5","tas",20,5
"CH2025_EVO_ICTP_REGCM_HADGEM_GWL_2_5","tas",21,5
"CH2025_EVO_ICTP_REGCM_HADGEM_GWL_2_5","tas",22,5
"CH2025_EVO_ICTP_REGCM_HADGEM_GWL_2_5","tas",23,5
"CH2025_EVO_ICTP_REGCM_HADGEM_GWL_2_5","tas",24,5
"CH2025_EVO_ICTP_REGCM_HADGEM_GWL_2_5","tas",25,5
"CH2025_EVO_ICTP_REGCM_HADGEM_GWL_2_5","tas",26,5
"CH2025_EVO_ICTP_REGCM_HADGEM_GWL_2_5","tas",27,5
"CH2025_EVO_ICTP_REGCM_HADGEM_GWL_2_5","tas",28,5
"CH2025_EVO_ICTP_REGCM_HADGEM_GWL_2_5","tas",29,5
"CH2025_EVO_ICTP_REGCM_HADGEM_GWL_2_5","tas",30,5
"CH2025_EVO_ICTP_REGCM_HADGEM_GWL_3","tas",1,5
"CH2025_EVO_ICTP_REGCM_HADGEM_GWL_3","tas",2,5
"CH2025_EVO_ICTP_REGCM_HADGEM_GWL_3","tas",3,5
"CH2025_EVO_ICTP_REGCM_HADGEM_GWL_3","tas",4,5
"CH2025_EVO_ICTP_REGCM_HADGEM_GWL_3","tas",5,5
"CH2025_EVO_ICTP_REGCM_HADGEM_GWL_3","tas",6,5
"CH2025_EVO_ICTP_REGCM_HADGEM_GWL_3","tas",7,5
"CH2025_EVO_ICTP_REGCM_HADGEM_GWL_3","tas",8,5
"CH2025_EVO_ICTP_REGCM_HADGEM_GWL_3","tas",9,5
"CH2025_EVO_ICTP_REGCM_HADGEM_GWL_3","tas",10,5
"CH2025_EVO_ICTP_REGCM_HADGEM_GWL_3","tas",11,5
"CH2025_EVO_ICTP_REGCM_HADGEM_GWL_3","tas",12,5
"CH2025_EVO_ICTP_REGCM_HADGEM_GWL_3","tas",13,5
"CH2025_EVO_ICTP_REGCM_HADGEM_GWL_3","tas",14,5
"CH2025_EVO_ICTP_REGCM_HADGEM_GWL_3","tas",15,5
"CH2025_EVO_ICTP_REGCM_HADGEM_GWL_3","tas",16,5
"CH2025_EVO_ICTP_REGCM_HADGEM_GWL_3","tas",17,5
"CH2025_EVO_ICTP_REGCM_HADGEM_GWL_3","tas",18,5
"CH2025_EVO_ICTP_REGCM_HADGEM_GWL_3","tas",19,5
"CH2025_EVO_ICTP_REGCM_HADGEM_GWL_3","tas",20,5
"CH2025_EVO_ICTP_REGCM_HADGEM_GWL_3","tas",21,5
"CH2025_EVO_ICTP_REGCM_HADGEM_GWL_3","tas",22,5
"CH2025_EVO_ICTP_REGCM_HADGEM_GWL_3","tas",23,5
"CH2025_EVO_ICTP_REGCM_HADGEM_GWL_3","tas",24,5
"CH2025_EVO_ICTP_REGCM_HADGEM_GWL_3","tas",25,5
"CH2025_EVO_ICTP_REGCM_HADGEM_GWL_3","tas",26,5
"CH2025_EVO_ICTP_REGCM_HADGEM_GWL_3","tas",27,5
"CH2025_EVO_ICTP_REGCM_HADGEM_GWL_3","tas",28,5
"CH2025_EVO_ICTP_REGCM_HADGEM_GWL_3","tas",29,5
"CH2025_EVO_ICTP_REGCM_HADGEM_GWL_3","tas",30,5
"CH2025_EVO_MOHC_HADREM_HADGEM_GWL_1_5","tas",1,5
"CH2025_EVO_MOHC_HADREM_HADGEM_GWL_1_5","tas",2,5
"CH2025_EVO_MOHC_HADREM_HADGEM_GWL_1_5","tas",3,5
"CH2025_EVO_MOHC_HADREM_HADGEM_GWL_1_5","tas",4,5
"CH2025_EVO_MOHC_HADREM_HADGEM_GWL_1_5","tas",5,5
"CH2025_EVO_MOHC_HADREM_HADGEM_GWL_1_5","tas",6,5
"CH2025_EVO_MOHC_HADREM_HADGEM_GWL_1_5","tas",7,5
"CH2025_EVO_MOHC_HADREM_HADGEM_GWL_1_5","tas",8,5
"CH2025_EVO_MOHC_HADREM_HADGEM_GWL_1_5","tas",9,5
"CH2025_EVO_MOHC_HADREM_HADGEM_GWL_1_5","tas",10,5
"CH2025_EVO_MOHC_HADREM_HADGEM_GWL_1_5","tas",11,5
"CH2025_EVO_MOHC_HADREM_HADGEM_GWL_1_5","tas",12,5
"CH2025_EVO_MOHC_HADREM_HADGEM_GWL_1_5","tas",13,5
"CH2025_EVO_MOHC_HADREM_HADGEM_GWL_1_5","tas",14,5
"CH2025_EVO_MOHC_HADREM_HADGEM_GWL_1_5","tas",15,5
"CH2025_EVO_MOHC_HADREM_HADGEM_GWL_1_5","tas",16,5
"CH2025_EVO_MOHC_HADREM_HADGEM_GWL_1_5","tas",17,5
"CH2025_EVO_MOHC_HADREM_HADGEM_GWL_1_5","tas",18,5
"CH2025_EVO_MOHC_HADREM_HADGEM_GWL_1_5","tas",19,5
"CH2025_EVO_MOHC_HADREM_HADGEM_GWL_1_5","tas",20,5
"CH2025_EVO_MOHC_HADREM_HADGEM_GWL_1_5","tas",21,5
"CH2025_EVO_MOHC_HADREM_HADGEM_GWL_1_5","tas",22,5
"CH2025_EVO_MOHC_HADREM_HADGEM_GWL_1_5","tas",23,5
"CH2025_EVO_MOHC_HADREM_HADGEM_GWL_1_5","tas",24,5
"CH2025_EVO_MOHC_HADREM_HADGEM_GWL_1_5","tas",25,5
"CH2025_EVO_MOHC_HADREM_HADGEM_GWL_1_5","tas",26,5
"CH2025_EVO_MOHC_HADREM_HADGEM_GWL_1_5","tas",27,5
"CH2025_EVO_MOHC_HADREM_HADGEM_GWL_1_5","tas",28,5
"CH2025_EVO_MOHC_HADREM_HADGEM_GWL_1_5","tas",29,5
"CH2025_EVO_MOHC_HADREM_HADGEM_GWL_1_5","tas",30,5
"CH2025_EVO_MOHC_HADREM_HADGEM_GWL_2","tas",1,5
"CH2025_EVO_MOHC_HADREM_HADGEM_GWL_2","tas",2,5
"CH2025_EVO_MOHC_HADREM_HADGEM_GWL_2","tas",3,5
"CH2025_EVO_MOHC_HADREM_HADGEM_GWL_2","tas",4,5
"CH2025_EVO_MOHC_HADREM_HADGEM_GWL_2","tas",5,5
"CH2025_EVO_MOHC_HADREM_HADGEM_GWL_2","tas",6,5
"CH2025_EVO_MOHC_HADREM_HADGEM_GWL_2","tas",7,5
"CH2025_EVO_MOHC_HADREM_HADGEM_GWL_2","tas",8,5
"CH2025_EVO_MOHC_HADREM_HADGEM_GWL_2","tas",9,5
"CH2025_EVO_MOHC_HADREM_HADGEM_GWL_2","tas",10,5
"CH2025_EVO_MOHC_HADREM_HADGEM_GWL_2","tas",11,5
"CH2025_EVO_MOHC_HADREM_HADGEM_GWL_2","tas",12,5
"CH2025_EVO_MOHC_HADREM_HADGEM_GWL_2","tas",13,5
"CH2025_EVO_MOHC_HADREM_HADGEM_GWL_2","tas",14,5
"CH2025_EVO_MOHC_HADREM_HADGEM_GWL_2","tas",15,5
"CH2025_EVO_MOHC_HADREM_HADGEM_GWL_2","tas",16,5
"CH2025_EVO_MOHC_HADREM_HADGEM_GWL_2","tas",17,5
"CH2025_EVO_MOHC_HADREM_HADGEM_GWL_2","tas",18,5
"CH2025_EVO_MOHC_HADREM_HADGEM_GWL_2","tas",19,5
"CH2025_EVO_MOHC_HADREM_HADGEM_GWL_2","tas",20,5
"CH2025_EVO_MOHC_HADREM_HADGEM_GWL_2","tas",21,5
"CH2025_EVO_MOHC_HADREM_HADGEM_GWL_2","tas",22,5
"CH2025_EVO_MOHC_HADREM_HADGEM_GWL_2","tas",23,5
"CH2025_EVO_MOHC_HADREM_HADGEM_GWL_2","tas",24,5
"CH2025_EVO_MOHC_HADREM_HADGEM_GWL_2","tas",25,5
"CH2025_EVO_MOHC_HADREM_HADGEM_GWL_2","tas",26,5
"CH2025_EVO_MOHC_HADREM_HADGEM_GWL_2","tas",27,5
"CH2025_EVO_MOHC_HADREM_HADGEM_GWL_2","tas",28,5
"CH2025_EVO_MOHC_HADREM_HADGEM_GWL_2","tas",29,5
"CH2025_EVO_MOHC_HADREM_HADGEM_GWL_2","tas",30,5
"CH2025_EVO_MOHC_HADREM_HADGEM_GWL_2_5","tas",1,5
"CH2025_EVO_MOHC_HADREM_HADGEM_GWL_2_5","tas",2,5
"CH2025_EVO_MOHC_HADREM_HADGEM_GWL_2_5","tas",3,5
"CH2025_EVO_MOHC_HADREM_HADGEM_GWL_2_5","tas",4,5
"CH2025_EVO_MOHC_HADREM_HADGEM_GWL_2_5","tas",5,5
"CH2025_EVO_MOHC_HADREM_HADGEM_GWL_2_5","tas",6,5
"CH2025_EVO_MOHC_HADREM_HADGEM_GWL_2_5","tas",7,5
"CH2025_EVO_MOHC_HADREM_HADGEM_GWL_2_5","tas",8,5
"CH2025_EVO_MOHC_HADREM_HADGEM_GWL_2_5","tas",9,5
"CH2025_EVO_MOHC_HADREM_HADGEM_GWL_2_5","tas",10,5
"CH2025_EVO_MOHC_HADREM_HADGEM_GWL_2_5","tas",11,5
"CH2025_EVO_MOHC_HADREM_HADGEM_GWL_2_5","tas",12,5
"CH2025_EVO_MOHC_HADREM_HADGEM_GWL_2_5","tas",13,5
"CH2025_EVO_MOHC_HADREM_HADGEM_GWL_2_5","tas",14,5
"CH2025_EVO_MOHC_HADREM_HADGEM_GWL_2_5","tas",15,5
"CH2025_EVO_MOHC_HADREM_HADGEM_GWL_2_5","tas",16,5
"CH2025_EVO_MOHC_HADREM_HADGEM_GWL_2_5","tas",17,5
"CH2025_EVO_MOHC_HADREM_HADGEM_GWL_2_5","tas",18,5
"CH2025_EVO_MOHC_HADREM_HADGEM_GWL_2_5","tas",19,5
"CH2025_EVO_MOHC_HADREM_HADGEM_GWL_2_5","tas",20,5
"CH2025_EVO_MOHC_HADREM_HADGEM_GWL_2_5","tas",21,5
"CH2025_EVO_MOHC_HADREM_HADGEM_GWL_2_5","tas",22,5
"CH2025_EVO_MOHC_HADREM_HADGEM_GWL_2_5","tas",23,5
"CH2025_EVO_MOHC_HADREM_HADGEM_GWL_2_5","tas",24,5
"CH2025_EVO_MOHC_HADREM_HADGEM_GWL_2_5","tas",25,5
"CH2025_EVO_MOHC_HADREM_HADGEM_GWL_2_5","tas",26,5
"CH2025_EVO_MOHC_HADREM_HADGEM_GWL_2_5","tas",27,5
"CH2025_EVO_MOHC_HADREM_HADGEM_GWL_2_5","tas",28,5
"CH2025_EVO_MOHC_HADREM_HADGEM_GWL_2_5","tas",29,5
"CH2025_EVO_MOHC_HADREM_HADGEM_GWL_2_5","tas",30,5
"CH2025_EVO_MOHC_HADREM_HADGEM_GWL_3","tas",1,5
"CH2025_EVO_MOHC_HADREM_HADGEM_GWL_3","tas",2,5
"CH2025_EVO_MOHC_HADREM_HADGEM_GWL_3","tas",3,5
"CH2025_EVO_MOHC_HADREM_HADGEM_GWL_3","tas",4,5
"CH2025_EVO_MOHC_HADREM_HADGEM_GWL_3","tas",5,5
"CH2025_EVO_MOHC_HADREM_HADGEM_GWL_3","tas",6,5
"CH2025_EVO_MOHC_HADREM_HADGEM_GWL_3","tas",7,5
"CH2025_EVO_MOHC_HADREM_HADGEM_GWL_3","tas",8,5
"CH2025_EVO_MOHC_HADREM_HADGEM_GWL_3","tas",9,5
"CH2025_EVO_MOHC_HADREM_HADGEM_GWL_3","tas",10,5
"CH2025_EVO_MOHC_HADREM_HADGEM_GWL_3","tas",11,5
"CH2025_EVO_MOHC_HADREM_HADGEM_GWL_3","tas",12,5
"CH2025_EVO_MOHC_HADREM_HADGEM_GWL_3","tas",13,5
"CH2025_EVO_MOHC_HADREM_HADGEM_GWL_3","tas",14,5
"CH2025_EVO_MOHC_HADREM_HADGEM_GWL_3","tas",15,5
"CH2025_EVO_MOHC_HADREM_HADGEM_GWL_3","tas",16,5
"CH2025_EVO_MOHC_HADREM_HADGEM_GWL_3","tas",17,5
"CH2025_EVO_MOHC_HADREM_HADGEM_GWL_3","tas",18,5
"CH2025_EVO_MOHC_HADREM_HADGEM_GWL_3","tas",19,5
"CH2025_EVO_MOHC_HADREM_HADGEM_GWL_3","tas",20,5
"CH2025_EVO_MOHC_HADREM_HADGEM_GWL_3","tas",21,5
"CH2025_EVO_MOHC_HADREM_HADGEM_GWL_3","tas",22,5
"CH2025_EVO_MOHC_HADREM_HADGEM_GWL_3","tas",23,5
"CH2025_EVO_MOHC_HADREM_HADGEM_GWL_3","tas",24,5
"CH2025_EVO_MOHC_HADREM_HADGEM_GWL_3","tas",25,5
"CH2025_EVO_MOHC_HADREM_HADGEM_GWL_3","tas",26,5
"CH2025_EVO_MOHC_HADREM_HADGEM_GWL_3","tas",27,5
"CH2025_EVO_MOHC_HADREM_HADGEM_GWL_3","tas",28,5
"CH2025_EVO_MOHC_HADREM_HADGEM_GWL_3","tas",29,5
"CH2025_EVO_MOHC_HADREM_HADGEM_GWL_3","tas",30,5
"CH2025_EVO_SMHI_RCA_HADGEM_GWL_1_5","tas",1,5
"CH2025_EVO_SMHI_RCA_HADGEM_GWL_1_5","tas",2,5
"CH2025_EVO_SMHI_RCA_HADGEM_GWL_1_5","tas",3,5
"CH2025_EVO_SMHI_RCA_HADGEM_GWL_1_5","tas",4,5
"CH2025_EVO_SMHI_RCA_HADGEM_GWL_1_5","tas",5,5
"CH2025_EVO_SMHI_RCA_HADGEM_GWL_1_5","tas",6,5
"CH2025_EVO_SMHI_RCA_HADGEM_GWL_1_5","tas",7,5
"CH2025_EVO_SMHI_RCA_HADGEM_GWL_1_5","tas",8,5
"CH2025_EVO_SMHI_RCA_HADGEM_GWL_1_5","tas",9,5
"CH2025_EVO_SMHI_RCA_HADGEM_GWL_1_5","tas",10,5
"CH2025_EVO_SMHI_RCA_HADGEM_GWL_1_5","tas",11,5
"CH2025_EVO_SMHI_RCA_HADGEM_GWL_1_5","tas",12,5
"CH2025_EVO_SMHI_RCA_HADGEM_GWL_1_5","tas",13,5
"CH2025_EVO_SMHI_RCA_HADGEM_GWL_1_5","tas",14,5
"CH2025_EVO_SMHI_RCA_HADGEM_GWL_1_5","tas",15,5
"CH2025_EVO_SMHI_RCA_HADGEM_GWL_1_5","tas",16,5
"CH2025_EVO_SMHI_RCA_HADGEM_GWL_1_5","tas",17,5
"CH2025_EVO_SMHI_RCA_HADGEM_GWL_1_5","tas",18,5
"CH2025_EVO_SMHI_RCA_HADGEM_GWL_1_5","tas",19,5
"CH2025_EVO_SMHI_RCA_HADGEM_GWL_1_5","tas",20,5
"CH2025_EVO_SMHI_RCA_HADGEM_GWL_1_5","tas",21,5
"CH2025_EVO_SMHI_RCA_HADGEM_GWL_1_5","tas",22,5
"CH2025_EVO_SMHI_RCA_HADGEM_GWL_1_5","tas",23,5
"CH2025_EVO_SMHI_RCA_HADGEM_GWL_1_5","tas",24,5
"CH2025_EVO_SMHI_RCA_HADGEM_GWL_1_5","tas",25,5
"CH2025_EVO_SMHI_RCA_HADGEM_GWL_1_5","tas",26,5
"CH2025_EVO_SMHI_RCA_HADGEM_GWL_1_5","tas",27,5
"CH2025_EVO_SMHI_RCA_HADGEM_GWL_1_5","tas",28,5
"CH2025_EVO_SMHI_RCA_HADGEM_GWL_1_5","tas",29,5
"CH2025_EVO_SMHI_RCA_HADGEM_GWL_1_5","tas",30,5
"CH2025_EVO_SMHI_RCA_HADGEM_GWL_2","tas",1,5
"CH2025_EVO_SMHI_RCA_HADGEM_GWL_2","tas",2,5
"CH2025_EVO_SMHI_RCA_HADGEM_GWL_2","tas",3,5
"CH2025_EVO_SMHI_RCA_HADGEM_GWL_2","tas",4,5
"CH2025_EVO_SMHI_RCA_HADGEM_GWL_2","tas",5,5
"CH2025_EVO_SMHI_RCA_HADGEM_GWL_2","tas",6,5
"CH2025_EVO_SMHI_RCA_HADGEM_GWL_2","tas",7,5
"CH2025_EVO_SMHI_RCA_HADGEM_GWL_2","tas",8,5
"CH2025_EVO_SMHI_RCA_HADGEM_GWL_2","tas",9,5
"CH2025_EVO_SMHI_RCA_HADGEM_GWL_2","tas",10,5
"CH2025_EVO_SMHI_RCA_HADGEM_GWL_2","tas",11,5
"CH2025_EVO_SMHI_RCA_HADGEM_GWL_2","tas",12,5
"CH2025_EVO_SMHI_RCA_HADGEM_GWL_2","tas",13,5
"CH2025_EVO_SMHI_RCA_HADGEM_GWL_2","tas",14,5
"CH2025_EVO_SMHI_RCA_HADGEM_GWL_2","tas",15,5
"CH2025_EVO_SMHI_RCA_HADGEM_GWL_2","tas",16,5
"CH2025_EVO_SMHI_RCA_HADGEM_GWL_2","tas",17,5
"CH2025_EVO_SMHI_RCA_HADGEM_GWL_2","tas",18,5
"CH2025_EVO_SMHI_RCA_HADGEM_GWL_2","tas",19,5
"CH2025_EVO_SMHI_RCA_HADGEM_GWL_2","tas",20,5
"CH2025_EVO_SMHI_RCA_HADGEM_GWL_2","tas",21,5
"CH2025_EVO_SMHI_RCA_HADGEM_GWL_2","tas",22,5
"CH2025_EVO_SMHI_RCA_HADGEM_GWL_2","tas",23,5
"CH2025_EVO_SMHI_RCA_HADGEM_GWL_2","tas",24,5
"CH2025_EVO_SMHI_RCA_HADGEM_GWL_2","tas",25,5
"CH2025_EVO_SMHI_RCA_HADGEM_GWL_2","tas",26,5
"CH2025_EVO_SMHI_RCA_HADGEM_GWL_2","tas",27,5
"CH2025_EVO_SMHI_RCA_HADGEM_GWL_2","tas",28,5
"CH2025_EVO_SMHI_RCA_HADGEM_GWL_2","tas",29,5
"CH2025_EVO_SMHI_RCA_HADGEM_GWL_2","tas",30,5
"CH2025_EVO_SMHI_RCA_HADGEM_GWL_2_5","tas",1,5
"CH2025_EVO_SMHI_RCA_HADGEM_GWL_2_5","tas",2,5
"CH2025_EVO_SMHI_RCA_HADGEM_GWL_2_5","tas",3,5
"CH2025_EVO_SMHI_RCA_HADGEM_GWL_2_5","tas",4,5
"CH2025_EVO_SMHI_RCA_HADGEM_GWL_2_5","tas",5,5
"CH2025_EVO_SMHI_RCA_HADGEM_GWL_2_5","tas",6,5
"CH2025_EVO_SMHI_RCA_HADGEM_GWL_2_5","tas",7,5
"CH2025_EVO_SMHI_RCA_HADGEM_GWL_2_5","tas",8,5
"CH2025_EVO_SMHI_RCA_HADGEM_GWL_2_5","tas",9,5
"CH2025_EVO_SMHI_RCA_HADGEM_GWL_2_5","tas",10,5
"CH2025_EVO_SMHI_RCA_HADGEM_GWL_2_5","tas",11,5
"CH2025_EVO_SMHI_RCA_HADGEM_GWL_2_5","tas",12,5
"CH2025_EVO_SMHI_RCA_HADGEM_GWL_2_5","tas",13,5
"CH2025_EVO_SMHI_RCA_HADGEM_GWL_2_5","tas",14,5
"CH2025_EVO_SMHI_RCA_HADGEM_GWL_2_5","tas",15,5
"CH2025_EVO_SMHI_RCA_HADGEM_GWL_2_5","tas",16,5
"CH2025_EVO_SMHI_RCA_HADGEM_GWL_2_5","tas",17,5
"CH2025_EVO_SMHI_RCA_HADGEM_GWL_2_5","tas",18,5
"CH2025_EVO_SMHI_RCA_HADGEM_GWL_2_5","tas",19,5
"CH2025_EVO_SMHI_RCA_HADGEM_GWL_2_5","tas",20,5
"CH2025_EVO_SMHI_RCA_HADGEM_GWL_2_5","tas",21,5
"CH2025_EVO_SMHI_RCA_HADGEM_GWL_2_5","tas",22,5
"CH2025_EVO_SMHI_RCA_HADGEM_GWL_2_5","tas",23,5
"CH2025_EVO_SMHI_RCA_HADGEM_GWL_2_5","tas",24,5
"CH2025_EVO_SMHI_RCA_HADGEM_GWL_2_5","tas",25,5
"CH2025_EVO_SMHI_RCA_HADGEM_GWL_2_5","tas",26,5
"CH2025_EVO_SMHI_RCA_HADGEM_GWL_2_5","tas",27,5
"CH2025_EVO_SMHI_RCA_HADGEM_GWL_2_5","tas",28,5
"CH2025_EVO_SMHI_RCA_HADGEM_GWL_2_5","tas",29,5
"CH2025_EVO_SMHI_RCA_HADGEM_GWL_2_5","tas",30,5
"CH2025_EVO_SMHI_RCA_HADGEM_GWL_3","tas",1,5
"CH2025_EVO_SMHI_RCA_HADGEM_GWL_3","tas",2,5
"CH2025_EVO_SMHI_RCA_HADGEM_GWL_3","tas",3,5
"CH2025_EVO_SMHI_RCA_HADGEM_GWL_3","tas",4,5
"CH2025_EVO_SMHI_RCA_HADGEM_GWL_3","tas",5,5
"CH2025_EVO_SMHI_RCA_HADGEM_GWL_3","tas",6,5
"CH2025_EVO_SMHI_RCA_HADGEM_GWL_3","tas",7,5
"CH2025_EVO_SMHI_RCA_HADGEM_GWL_3","tas",8,5
"CH2025_EVO_SMHI_RCA_HADGEM_GWL_3","tas",9,5
"CH2025_EVO_SMHI_RCA_HADGEM_GWL_3","tas",10,5
"CH2025_EVO_SMHI_RCA_HADGEM_GWL_3","tas",11,5
"CH2025_EVO_SMHI_RCA_HADGEM_GWL_3","tas",12,5
"CH2025_EVO_SMHI_RCA_HADGEM_GWL_3","tas",13,5
"CH2025_EVO_SMHI_RCA_HADGEM_GWL_3","tas",14,5
"CH2025_EVO_SMHI_RCA_HADGEM_GWL_3","tas",15,5
"CH2025_EVO_SMHI_RCA_HADGEM_GWL_3","tas",16,5
"CH2025_EVO_SMHI_RCA_HADGEM_GWL_3","tas",17,5
"CH2025_EVO_SMHI_RCA_HADGEM_GWL_3","tas",18,5
"CH2025_EVO_SMHI_RCA_HADGEM_GWL_3","tas",19,5
"CH2025_EVO_SMHI_RCA_HADGEM_GWL_3","tas",20,5
"CH2025_EVO_SMHI_RCA_HADGEM_GWL_3","tas",21,5
"CH2025_EVO_SMHI_RCA_HADGEM_GWL_3","tas",22,5
"CH2025_EVO_SMHI_RCA_HADGEM_GWL_3","tas",23,5
"CH2025_EVO_SMHI_RCA_HADGEM_GWL_3","tas",24,5
"CH2025_EVO_SMHI_RCA_HADGEM_GWL_3","tas",25,5
"CH2025_EVO_SMHI_RCA_HADGEM_GWL_3","tas",26,5
"CH2025_EVO_SMHI_RCA_HADGEM_GWL_3","tas",27,5
"CH2025_EVO_SMHI_RCA_HADGEM_GWL_3","tas",28,5
"CH2025_EVO_SMHI_RCA_HADGEM_GWL_3","tas",29,5
"CH2025_EVO_SMHI_RCA_HADGEM_GWL_3","tas",30,5
